bucket,reason,url,title,normalized_url,in_registry,existing_status,source_dump
later,app/subdomain,https://app.devin.ai/review,Devin Review,https://app.devin.ai/review,no,,dumps/chrome-exit2.json
later,app/subdomain,https://app.fireworks.ai/account/billing,Billing & Usage - Fireworks AI,https://app.fireworks.ai/account/billing,no,,dumps/chrome-exit3.json
later,app/digitalocean,https://cloud.digitalocean.com/account/billing/settings?i=e1b3e0,Billing Settings - DigitalOcean,https://cloud.digitalocean.com/account/billing/settings,no,,dumps/chrome-exit2.json
later,app/digitalocean,https://cloud.digitalocean.com/account/team?i=a74334,Account - DigitalOcean,https://cloud.digitalocean.com/account/team,no,,dumps/chrome-exit2.json
later,app/openrouter,https://openrouter.ai/activity,Activity | OpenRouter,https://openrouter.ai/activity,no,,dumps/chrome-exit2.json
later,app/openrouter,https://openrouter.ai/arcee-ai/trinity-large-preview:free,"Trinity Large Preview (free) - API, Providers, Stats | OpenRouter",https://openrouter.ai/arcee-ai/trinity-large-preview:free,no,,dumps/chrome-exit3.json
later,app/openrouter,https://openrouter.ai/arcee-ai/trinity-large-preview:free/providers,Arcee AI: Trinity Large Preview (free) – Provider Status and Pricing,https://openrouter.ai/arcee-ai/trinity-large-preview:free/providers,no,,dumps/chrome-exit3.json
later,app/openrouter,https://openrouter.ai/docs/api/api-reference/endpoints/list-endpoints#response.200.data.architecture.input_modalities,List all endpoints for a model | OpenRouter | Documentation,https://openrouter.ai/docs/api/api-reference/endpoints/list-endpoints,no,,dumps/chrome-exit2.json
later,app/openrouter,https://openrouter.ai/docs/guides/guides/usage-accounting#usage-information,Usage Accounting | Track AI Model Usage with OpenRouter | OpenRouter | Documentation,https://openrouter.ai/docs/guides/guides/usage-accounting,no,,dumps/chrome-exit3.json
later,app/openrouter,https://openrouter.ai/models?fmt=cards&input_modalities=image&order=pricing-low-to-high,Models | OpenRouter,https://openrouter.ai/models,no,,dumps/chrome-exit1.json
later,app/openrouter,https://openrouter.ai/openrouter/pony-alpha,"Pony Alpha - API, Providers, Stats | OpenRouter",https://openrouter.ai/openrouter/pony-alpha,no,,dumps/chrome-exit2.json
later,interactive/orca,https://orca.orb.town/?q=arcee,ORCA,https://orca.orb.town,no,,dumps/chrome-exit2.json
later,platform/subdomain,https://platform.claude.com/docs/en/agents-and-tools/agent-skills/overview,Agent Skills - Claude Docs,https://platform.claude.com/docs/en/agents-and-tools/agent-skills/overview,no,,dumps/chrome-exit2.json
later,platform/subdomain,https://platform.moonshot.ai/docs/guide/kimi-k2-5-quickstart,Kimi K2.5 - Moonshot AI Open Platform - Kimi Large Language Model API Service,https://platform.moonshot.ai/docs/guide/kimi-k2-5-quickstart,no,,dumps/chrome-exit3.json
later,platform/subdomain,https://platform.parallel.ai/home,Parallel Platform,https://platform.parallel.ai/home,no,,dumps/chrome-exit2.json
later,interactive/perplexity-search,https://www.perplexity.ai/search/any-example-of-job-execution-o-yjsBdpO7SLC3zS7GUUhI6g,Any example of job execution or orchestration frameworks where workers ARE the...,https://www.perplexity.ai/search/any-example-of-job-execution-o-yjsBdpO7SLC3zS7GUUhI6g,no,,dumps/chrome-exit3.json
later,interactive/perplexity-search,https://www.perplexity.ai/search/elixir-code-clean-or-no-zpW9EXeyS2eT8OWXL.bddg,elixir code clean or no,https://www.perplexity.ai/search/elixir-code-clean-or-no-zpW9EXeyS2eT8OWXL.bddg,no,,dumps/chrome-exit3.json
later,interactive/perplexity-search,https://www.perplexity.ai/search/how-do-i-know-my-preferred-hoo-luJA0K5lSXmUsuYFm619DQ,"how do i know my preferred hoodie size, 35' arm and 18' neck, regular torso,...",https://www.perplexity.ai/search/how-do-i-know-my-preferred-hoo-luJA0K5lSXmUsuYFm619DQ,no,,dumps/chrome-exit3.json
later,interactive/perplexity-search,https://www.perplexity.ai/search/how-do-openai-user-data-work-OS00hLWrSGqgPoXCmYScpg,how do openai user data work?,https://www.perplexity.ai/search/how-do-openai-user-data-work-OS00hLWrSGqgPoXCmYScpg,no,,dumps/chrome-exit2.json
later,interactive/perplexity-search,https://www.perplexity.ai/search/how-does-poetiq-ai-work-BhVTX54hR_W1tHreGiymAA,how does poetiq ai work,https://www.perplexity.ai/search/how-does-poetiq-ai-work-BhVTX54hR_W1tHreGiymAA,no,,dumps/chrome-exit3.json
later,interactive/perplexity-search,https://www.perplexity.ai/search/hunt-the-context-down-Zsb5BTNiSiKXailROtPtgw,hunt the context down:,https://www.perplexity.ai/search/hunt-the-context-down-Zsb5BTNiSiKXailROtPtgw,no,,dumps/chrome-exit3.json
later,interactive/perplexity-search,https://www.perplexity.ai/search/is-the-20-rpm-limit-on-openrou-nol_U3ZrSnSxiSfjJ4dBng,is the 20 rpm limit on openrouter per-model,https://www.perplexity.ai/search/is-the-20-rpm-limit-on-openrou-nol_U3ZrSnSxiSfjJ4dBng,no,,dumps/chrome-exit4.json
later,interactive/perplexity-search,https://www.perplexity.ai/search/the-basis-of-the-ai-is-a-new-d-UPMVD8i1StyxFz0W9Gan4A,The basis of the ai is a new data storage system where all data is stored as...,https://www.perplexity.ai/search/the-basis-of-the-ai-is-a-new-d-UPMVD8i1StyxFz0W9Gan4A,no,,dumps/chrome-exit3.json
later,interactive/perplexity-search,https://www.perplexity.ai/search/why-do-people-always-say-flywh-uAFWswHPQhKmw1tZe_Xvjg,why do people always say flywheel when they mean accelerant? a flywheel is a...,https://www.perplexity.ai/search/why-do-people-always-say-flywh-uAFWswHPQhKmw1tZe_Xvjg,no,,dumps/chrome-exit3.json
later,reddit/mixed-quality,https://www.reddit.com/r/Buildathon/comments/1oau8w3/googles_research_reveals_that_ai_transfomers_can/?share_id=mYo6SYTDD2KiWk9VKDjs-,Google's research reveals that AI transfomers can reprogram themselves : Buildathon,https://www.reddit.com/r/Buildathon/comments/1oau8w3/googles_research_reveals_that_ai_transfomers_can,no,,dumps/chrome-exit2.json
later,reddit/mixed-quality,https://www.reddit.com/r/ChatbotRefugees/comments/1pmj2ic/chatticaai_just_launched_on_the_google_play_store/,ChatticaAI Just launched on the Google Play Store! take a look and give it a try! (iOS early Jan) : ChatbotRefugees,https://www.reddit.com/r/ChatbotRefugees/comments/1pmj2ic/chatticaai_just_launched_on_the_google_play_store,no,,dumps/chrome-exit2.json
later,reddit/mixed-quality,https://www.reddit.com/r/Chub_AI/comments/1ey6gni/stages_presets_and_lorebooks/,"Stages, presets and lorebooks : Chub_AI",https://www.reddit.com/r/Chub_AI/comments/1ey6gni/stages_presets_and_lorebooks,no,,dumps/chrome-exit1.json
later,reddit/mixed-quality,https://www.reddit.com/r/ClaudeAI/comments/1mbo1sb/updating_rate_limits_for_claude_subscription/,Updating rate limits for Claude subscription customers : ClaudeAI,https://www.reddit.com/r/ClaudeAI/comments/1mbo1sb/updating_rate_limits_for_claude_subscription,no,,dumps/chrome-exit2.json
later,reddit/mixed-quality,https://www.reddit.com/r/ClaudeAI/comments/1o944pi/i_created_a_collection_of_claude_skills/,I created a collection of Claude Skills : ClaudeAI,https://www.reddit.com/r/ClaudeAI/comments/1o944pi/i_created_a_collection_of_claude_skills,no,,dumps/chrome-exit6.json
later,reddit/mixed-quality,https://www.reddit.com/r/ClaudeAI/comments/1odd0pw/removed_most_of_claude_codes_system_prompt_and_it/,Removed most of Claude Code’s system prompt and it still works fine : ClaudeAI,https://www.reddit.com/r/ClaudeAI/comments/1odd0pw/removed_most_of_claude_codes_system_prompt_and_it,no,,dumps/chrome-exit2.json
later,reddit/mixed-quality,https://www.reddit.com/r/ClaudeAI/comments/1oeutj8/haiku_45_is_insane_in_claude_code/,Haiku 4.5 is insane in Claude Code! : ClaudeAI,https://www.reddit.com/r/ClaudeAI/comments/1oeutj8/haiku_45_is_insane_in_claude_code,no,,dumps/chrome-exit6.json
later,reddit/mixed-quality,https://www.reddit.com/r/ClaudeAI/comments/1ojuqhm/10_claude_skills_that_actually_changed_how_i_work/,10 Claude Skills that actually changed how I work (no fluff) : ClaudeAI,https://www.reddit.com/r/ClaudeAI/comments/1ojuqhm/10_claude_skills_that_actually_changed_how_i_work,no,,dumps/chrome-exit5.json
later,reddit/mixed-quality,https://www.reddit.com/r/ClaudeAI/comments/1pxl99v/i_asked_chatgpt_to_generate_an_infographic_to/,I asked ChatGPT to generate an infographic to help me create Claude Skills : ClaudeAI,https://www.reddit.com/r/ClaudeAI/comments/1pxl99v/i_asked_chatgpt_to_generate_an_infographic_to,no,,dumps/chrome-exit6.json
later,reddit/mixed-quality,https://www.reddit.com/r/ClaudeCode/comments/1qijtjx/dont_get_zai_glm_coding_plan/,Don't get Z.ai GLM Coding Plan : ClaudeCode,https://www.reddit.com/r/ClaudeCode/comments/1qijtjx/dont_get_zai_glm_coding_plan,no,,dumps/chrome-exit3.json
later,reddit/mixed-quality,https://www.reddit.com/r/LocalLLaMA/comments/1q37jz3/glm_47_performances/,GLM 4.7 performances : LocalLLaMA,https://www.reddit.com/r/LocalLLaMA/comments/1q37jz3/glm_47_performances,no,,dumps/chrome-exit3.json
later,reddit/mixed-quality,https://www.reddit.com/r/LocalLLaMA/comments/1q3i75u/introducing_rlms_recursive_language_models_by_mit/,Introducing RLMs (Recursive Language Models) by MIT - A new framework that enables efficient OOC (Out Of Context-window) computing LLMs - The beginning of AGI?? : LocalLLaMA,https://www.reddit.com/r/LocalLLaMA/comments/1q3i75u/introducing_rlms_recursive_language_models_by_mit,no,,dumps/chrome-exit3.json
later,reddit/mixed-quality,https://www.reddit.com/r/PygmalionAI/comments/13ckrrr/how_do_i_export_and_import_a_chat_from_sillytavern/,how do i export and import a chat from sillytavern? : PygmalionAI,https://www.reddit.com/r/PygmalionAI/comments/13ckrrr/how_do_i_export_and_import_a_chat_from_sillytavern,no,,dumps/chrome-exit1.json
later,reddit/mixed-quality,https://www.reddit.com/r/SillyTavernAI/comments/15inz1q/export_chats_as_clean_text_file/,Export chats as clean text file? : SillyTavernAI,https://www.reddit.com/r/SillyTavernAI/comments/15inz1q/export_chats_as_clean_text_file,no,,dumps/chrome-exit1.json
later,reddit/mixed-quality,https://www.reddit.com/r/SillyTavernAI/comments/1lcmte5/how_can_i_utilize_lorebook_to_it_full_potential/,How can i utilize Lorebook to it full potential? : SillyTavernAI,https://www.reddit.com/r/SillyTavernAI/comments/1lcmte5/how_can_i_utilize_lorebook_to_it_full_potential,no,,dumps/chrome-exit1.json
later,reddit/mixed-quality,https://www.reddit.com/r/SillyTavernAI/comments/1q300mf/aventura_a_frontend_for_adventure_rp_and_creative/,Aventura | A frontend for adventure RP and creative writing : SillyTavernAI,https://www.reddit.com/r/SillyTavernAI/comments/1q300mf/aventura_a_frontend_for_adventure_rp_and_creative,no,,dumps/chrome-exit5.json
later,reddit/mixed-quality,https://www.reddit.com/r/VibeCodersNest/search?q=antigravity&restrict_sr=on&include_over_18=on,VibeCodersNest: search results - antigravity,https://www.reddit.com/r/VibeCodersNest/search,no,,dumps/chrome-exit2.json
later,reddit/mixed-quality,https://www.reddit.com/r/aichapp/,aichapp,https://www.reddit.com/r/aichapp,no,,dumps/chrome-exit2.json
later,reddit/mixed-quality,https://www.reddit.com/r/aichapp/comments/1pjydtm/masterlist_of_platforms_with_byok_api_key_or/,Masterlist of Platforms With BYOK (API Key) or Local Model Support : aichapp,https://www.reddit.com/r/aichapp/comments/1pjydtm/masterlist_of_platforms_with_byok_api_key_or,no,,dumps/chrome-exit2.json
later,reddit/mixed-quality,https://www.reddit.com/r/aichapp/comments/1py5b94/lets_talk_tiers_your_favorite_platforms_from/,"Let's talk tiers: Your favorite platforms, from giants to hidden gems : aichapp",https://www.reddit.com/r/aichapp/comments/1py5b94/lets_talk_tiers_your_favorite_platforms_from,no,,dumps/chrome-exit2.json
later,reddit/mixed-quality,https://www.reddit.com/r/linuxmemes/comments/tszfjf/does_anyone_even_use_dash/,does anyone even use dash? : linuxmemes,https://www.reddit.com/r/linuxmemes/comments/tszfjf/does_anyone_even_use_dash,no,,dumps/chrome-exit2.json
later,reddit/mixed-quality,https://www.reddit.com/r/videography/comments/113t2az/do_not_try_to_sell_your_used_gear_to_adorama_you/,"Do NOT try to sell your used gear to Adorama, you WILL regret it. : videography",https://www.reddit.com/r/videography/comments/113t2az/do_not_try_to_sell_your_used_gear_to_adorama_you,no,,dumps/chrome-exit4.json
review,not-matched-by-rules,https://agent-flywheel.com/,Agent Flywheel - AI Agents Coding For You,https://agent-flywheel.com,no,,dumps/chrome-exit2.json
review,not-matched-by-rules,https://agentskills.io/home,Overview - Agent Skills,https://agentskills.io/home,no,,dumps/chrome-exit5.json
review,not-matched-by-rules,https://agentskills.io/specification,Specification - Agent Skills,https://agentskills.io/specification,no,,dumps/chrome-exit5.json
review,not-matched-by-rules,https://ai-sdk.dev/docs/introduction,AI SDK by Vercel,https://ai-sdk.dev/docs/introduction,no,,dumps/chrome-exit4.json
review,not-matched-by-rules,https://antigravity.google/docs/plans,Google Antigravity,https://antigravity.google/docs/plans,no,,dumps/chrome-exit6.json
review,not-matched-by-rules,https://artificialanalysis.ai/evaluations/omniscience#aa-omniscience-hallucination-rate,AA-Omniscience: Knowledge and Hallucination Benchmark | Artificial Analysis,https://artificialanalysis.ai/evaluations/omniscience,no,,dumps/chrome-exit6.json
review,not-matched-by-rules,https://arxivist.com/,arxivist,https://arxivist.com,no,,dumps/chrome-exit2.json
review,not-matched-by-rules,https://code.claude.com/docs/en/iam,Identity and Access Management - Claude Code Docs,https://code.claude.com/docs/en/iam,no,,dumps/chrome-exit4.json
review,not-matched-by-rules,https://code.claude.com/docs/en/skills,Agent Skills - Claude Code Docs,https://code.claude.com/docs/en/skills,no,,dumps/chrome-exit6.json
review,not-matched-by-rules,https://codeberg.org/,miraclewip - Dashboard - Codeberg.org,https://codeberg.org,no,,dumps/chrome-exit6.json
review,not-matched-by-rules,https://codeberg.org/miraclewip/genTUI,miraclewip/genTUI: Generative TUI for LLM-managed dynamic interfaces. - Codeberg.org,https://codeberg.org/miraclewip/genTUI,no,,dumps/chrome-exit6.json
review,not-matched-by-rules,https://cursor.com/blog/scaling-agents,Scaling long-running autonomous coding · Cursor,https://cursor.com/blog/scaling-agents,no,,dumps/chrome-exit6.json
review,not-matched-by-rules,https://dailyarxiv.com/,Daily arXiv,https://dailyarxiv.com,no,,dumps/chrome-exit2.json
review,not-matched-by-rules,https://deepwiki.com/Aider-AI/aider,Aider-AI/aider | DeepWiki,https://deepwiki.com/Aider-AI/aider,no,,dumps/chrome-exit4.json
review,not-matched-by-rules,https://deepwiki.com/FluidInference/FluidAudio,FluidInference/FluidAudio | DeepWiki,https://deepwiki.com/FluidInference/FluidAudio,no,,dumps/chrome-exit6.json
review,not-matched-by-rules,https://developers.cloudflare.com/agents/guides/remote-mcp-server/,Build a Remote MCP server · Cloudflare Agents docs,https://developers.cloudflare.com/agents/guides/remote-mcp-server,no,,dumps/chrome-exit6.json
review,not-matched-by-rules,https://devin.ai/pricing,Pricing | Devin,https://devin.ai/pricing,no,,dumps/chrome-exit3.json
review,not-matched-by-rules,https://digitalocean.valuecom.com/,DigitalOcean Promo Code 30% OFF | February 2026,https://digitalocean.valuecom.com,no,,dumps/chrome-exit2.json
review,not-matched-by-rules,https://discussions.apple.com/thread/256151543?sortBy=rank,How can I remove/delete the Tahoe install… - Apple Community,https://discussions.apple.com/thread/256151543,no,,dumps/chrome-exit3.json
review,not-matched-by-rules,https://entire.io/,Entire,https://entire.io,no,,dumps/chrome-exit2.json
review,not-matched-by-rules,https://factory.strongdm.ai/techniques/dtu,StrongDM Software Factory,https://factory.strongdm.ai/techniques/dtu,no,,dumps/chrome-exit2.json
review,not-matched-by-rules,https://fireworks.ai/models/fireworks/glm-4p7,GLM-4.7,https://fireworks.ai/models/fireworks/glm-4p7,no,,dumps/chrome-exit3.json
review,not-matched-by-rules,https://fonts.google.com/?lang=en_Latn&script=Latn&categoryFilters=Sans+Serif:%2FSans%2FHumanist,Browse Fonts - Google Fonts,https://fonts.google.com,no,,dumps/chrome-exit3.json
review,not-matched-by-rules,https://fonts.google.com/specimen/Cabin?categoryFilters=Sans+Serif:%2FSans%2FHumanist,Cabin - Google Fonts,https://fonts.google.com/specimen/Cabin,no,,dumps/chrome-exit3.json
review,not-matched-by-rules,https://ghuntley.com/agent/,how to build a coding agent: free workshop,https://ghuntley.com/agent,no,,dumps/chrome-exit4.json
review,not-matched-by-rules,https://info.arxiv.org/help/api/basics.html,arXiv API Basics - arXiv info,https://info.arxiv.org/help/api/basics.html,no,,dumps/chrome-exit2.json
review,not-matched-by-rules,https://karl-voit.at/2025/08/30/end-of-my-nixos/,"Good bye NixOS, Hello Debian (Again)!",https://karl-voit.at/2025/08/30/end-of-my-nixos,no,,dumps/chrome-exit1.json
review,not-matched-by-rules,"https://kartaca.com/en/reasoning-loop-prompt-engineering-techniques-for-smarter-ai-interactions/#:~:text=A%20reasoning%20loop%20is%20an,based%20on%20context%20and%20goals.",Reasoning Loop: Prompt Engineering Techniques for Smarter AI Interactions - Kartaca,https://kartaca.com/en/reasoning-loop-prompt-engineering-techniques-for-smarter-ai-interactions,no,,dumps/chrome-exit4.json
review,not-matched-by-rules,https://lambdaland.org/posts/2026-01-21_tree-sitter_vs_lsp/,Explainer: Tree-sitter vs. LSP | Lambda Land,https://lambdaland.org/posts/2026-01-21_tree-sitter_vs_lsp,no,,dumps/chrome-exit2.json
review,not-matched-by-rules,https://ligature.dev/?ref=tauri.app&utm_source=tauri.app,ligature.dev/?ref=tauri.app&utm_source=tauri.app,https://ligature.dev,no,,dumps/chrome-exit6.json
review,not-matched-by-rules,https://luma.com/4tebdsv9,v0 Studio · Luma,https://luma.com/4tebdsv9,no,,dumps/chrome-exit2.json
review,not-matched-by-rules,https://nano-gpt.com/subscription,NanoGPT,https://nano-gpt.com/subscription,no,,dumps/chrome-exit3.json
review,not-matched-by-rules,https://nickdirienzo.com/what-s-left-when-ai-writes-the-code/,What's Left When AI Writes the Code,https://nickdirienzo.com/what-s-left-when-ai-writes-the-code,no,,dumps/chrome-exit3.json
review,not-matched-by-rules,https://nolanlawson.com/2026/01/24/ai-tribalism/,AI tribalism | Read the Tea Leaves,https://nolanlawson.com/2026/01/24/ai-tribalism,no,,dumps/chrome-exit2.json
review,not-matched-by-rules,https://ollama.com/blog/claude,Claude Code with Anthropic API compatibility · Ollama Blog,https://ollama.com/blog/claude,no,,dumps/chrome-exit2.json
review,not-matched-by-rules,https://pastebin.com/raw/kA0QyaHw,pastebin.com/raw/kA0QyaHw,https://pastebin.com/raw/kA0QyaHw,no,,dumps/chrome-exit3.json
review,not-matched-by-rules,https://picxstudio.com/share/XmhG3xSBAt095D-0,"Gemini: { ""image_request"": { ""subject"": ""Woman... | PicXStudio | PicX Studio",https://picxstudio.com/share/XmhG3xSBAt095D-0,no,,dumps/chrome-exit1.json
review,not-matched-by-rules,https://research.google/blog/towards-a-science-of-scaling-agent-systems-when-and-why-agent-systems-work/,Towards a science of scaling agent systems: When and why agent systems work,https://research.google/blog/towards-a-science-of-scaling-agent-systems-when-and-why-agent-systems-work,yes,pending,dumps/chrome-exit3.json
review,not-matched-by-rules,https://schema.oasf.outshift.com/#,Open Agentic Schema Framework,https://schema.oasf.outshift.com,no,,dumps/chrome-exit3.json
review,not-matched-by-rules,"https://scholar.google.com/scholar?cites=17766053436855206483&as_sdt=2005&sciodt=0,5&hl=en",Zhu: Scaling Test-time Compute for LLM Agents - Google Scholar,https://scholar.google.com/scholar,no,,dumps/chrome-exit3.json
review,not-matched-by-rules,https://shittycodingagent.ai/,shittycodingagent.ai,https://shittycodingagent.ai,no,,dumps/chrome-exit6.json
review,not-matched-by-rules,https://shittycodingagent.ai/session/?f4b1f8d41e8b16afd8723486bb7f8ef8,Session Preview – shittycodingagent.ai,https://shittycodingagent.ai/session,no,,dumps/chrome-exit6.json
review,not-matched-by-rules,https://simonwillison.net/2025/Dec/12/openai-skills/,"OpenAI are quietly adopting skills, now available in ChatGPT and Codex CLI",https://simonwillison.net/2025/Dec/12/openai-skills,no,,dumps/chrome-exit6.json
review,not-matched-by-rules,https://simonwillison.net/2025/Oct/16/claude-skills/,"Claude Skills are awesome, maybe a bigger deal than MCP",https://simonwillison.net/2025/Oct/16/claude-skills,no,,dumps/chrome-exit5.json
review,not-matched-by-rules,https://skywork.ai/blog/ai-agent/how-to-create-claude-skill-step-by-step-guide/,How to Create Your First Claude Skill: Step-by-Step Tutorial & Examples,https://skywork.ai/blog/ai-agent/how-to-create-claude-skill-step-by-step-guide,no,,dumps/chrome-exit5.json
review,not-matched-by-rules,https://sqlite.org/wasm/doc/tip/about.md,About the sqlite3 WASM/JS Subproject,https://sqlite.org/wasm/doc/tip/about.md,no,,dumps/chrome-exit6.json
review,not-matched-by-rules,https://stackoverflow.com/questions/55603343/npm-hangs-and-gets-stuck-on-publish-pack,NPM hangs and gets stuck on publish/pack - Stack Overflow,https://stackoverflow.com/questions/55603343/npm-hangs-and-gets-stuck-on-publish-pack,no,,dumps/chrome-exit3.json
review,not-matched-by-rules,https://terminaltrove.com/,Terminal Trove - The $HOME of all things in the terminal.,https://terminaltrove.com,no,,dumps/chrome-exit6.json
review,not-matched-by-rules,https://terminaltrove.com/categories/tui/,TUI Terminal Tools - Terminal Trove,https://terminaltrove.com/categories/tui,no,,dumps/chrome-exit6.json
review,not-matched-by-rules,https://trails.pieterma.es/,Trails,https://trails.pieterma.es,no,,dumps/chrome-exit2.json
review,not-matched-by-rules,https://v2.tauri.app/,Tauri 2.0 | Tauri,https://v2.tauri.app,no,,dumps/chrome-exit6.json
review,not-matched-by-rules,https://vercel.com/docs/ai-gateway/provider-options#reasoning,Provider Options,https://vercel.com/docs/ai-gateway/provider-options,no,,dumps/chrome-exit4.json
review,not-matched-by-rules,https://webpack.js.org/,webpack,https://webpack.js.org,no,,dumps/chrome-exit6.json
review,not-matched-by-rules,https://www.answeroverflow.com/,Answer Overflow - Discord Content Discovery,https://www.answeroverflow.com,no,,dumps/chrome-exit2.json
review,not-matched-by-rules,https://www.arcee.ai/blog/trinity-large,Arcee AI | Trinity Large: An Open 400B Sparse MoE Model,https://www.arcee.ai/blog/trinity-large,no,,dumps/chrome-exit2.json
review,not-matched-by-rules,https://www.indiehackers.com/ideas/an-agency-that-creates-and-manages-content-marketing-for-businesses-NNn70emflbkC9lZSFp3F?utm_campaign=ih-newsletter&utm_medium=email&utm_source=indie-hackers-emails,An agency that creates and manages content marketing for businesses. - Indie Hackers,https://www.indiehackers.com/ideas/an-agency-that-creates-and-manages-content-marketing-for-businesses-NNn70emflbkC9lZSFp3F,no,,dumps/chrome-exit2.json
review,not-matched-by-rules,https://www.indiehackers.com/vibe-coding-tools?search=opencode&utm_campaign=ih-newsletter&utm_medium=email&utm_source=indie-hackers-emails,Vibe Coding Tools - Indie Hackers,https://www.indiehackers.com/vibe-coding-tools,no,,dumps/chrome-exit2.json
review,not-matched-by-rules,https://www.jetify.com/devbox,"Devbox: Portable, Isolated Dev Environments",https://www.jetify.com/devbox,no,,dumps/chrome-exit1.json
review,not-matched-by-rules,https://www.joanwestenberg.com/thin-desires-are-eating-your-life/,Thin Desires Are Eating Your Life,https://www.joanwestenberg.com/thin-desires-are-eating-your-life,no,,dumps/chrome-exit6.json
review,not-matched-by-rules,https://www.kimi.com/agent-swarm,Kimi Agent Swarm | Scale AI Tasks in Parallel,https://www.kimi.com/agent-swarm,no,,dumps/chrome-exit2.json
review,not-matched-by-rules,https://www.kimi.com/en,Kimi AI with K2.5 | Visual Coding Meets Agent Swarm,https://www.kimi.com/en,no,,dumps/chrome-exit3.json
review,not-matched-by-rules,https://www.lennysnewsletter.com/p/everyone-should-be-using-claude-code,Everyone should be using Claude Code more,https://www.lennysnewsletter.com/p/everyone-should-be-using-claude-code,no,,dumps/chrome-exit4.json
review,not-matched-by-rules,https://www.nature.com/articles/d41586-026-00285-6,Does AI already have human-level intelligence? The evidence is clear,https://www.nature.com/articles/d41586-026-00285-6,no,,dumps/chrome-exit3.json
review,not-matched-by-rules,https://www.nealstephenson.com/why-i-am-a-bad-correspondent.html,Neal Stephenson - Why I Am a Bad Correspondent,https://www.nealstephenson.com/why-i-am-a-bad-correspondent.html,no,,dumps/chrome-exit5.json
review,not-matched-by-rules,"https://www.nexastack.ai/blog/agentic-inference#:~:text=In%20an%20era%20when%20enterprises,%2C%20strategic%20foresight%2C%20and%20agility.",Agentic Inference: The Decision Advantage,https://www.nexastack.ai/blog/agentic-inference,no,,dumps/chrome-exit4.json
review,not-matched-by-rules,https://www.notion.com/blog/how-we-sped-up-notion-in-the-browser-with-wasm-sqlite,How we sped up Notion in the browser with WASM SQLite,https://www.notion.com/blog/how-we-sped-up-notion-in-the-browser-with-wasm-sqlite,no,,dumps/chrome-exit6.json
review,not-matched-by-rules,https://www.notion.so/ANEX-Blacktide-2bbcf58727838016a083c5ac6521b114,ANEX Blacktide,https://www.notion.so/ANEX-Blacktide-2bbcf58727838016a083c5ac6521b114,no,,dumps/chrome-exit2.json
review,not-matched-by-rules,http://www.paperrater.org/,PaperRater.org: Recent papers,http://www.paperrater.org,no,,dumps/chrome-exit2.json
review,not-matched-by-rules,"https://www.rapidops.com/blog/types-of-ai-agents/#:~:text=Such%20deep%20contextualization%20allows%20them%20(%20AI,how%20experienced%20professionals%20operate%20within%20dynamic%20environments.",Types of AI Agents Every Business Should Know in 2025,https://www.rapidops.com/blog/types-of-ai-agents,no,,dumps/chrome-exit4.json
review,not-matched-by-rules,https://www.trynia.ai/,Nia - Context for AI Agents,https://www.trynia.ai,no,,dumps/chrome-exit2.json
review,not-matched-by-rules,https://www.ultracite.ai/providers/eslint,ESLint + Prettier + Stylelint | Ultracite,https://www.ultracite.ai/providers/eslint,no,,dumps/chrome-exit6.json
review,not-matched-by-rules,https://z.ai/blog/glm-4.6v,GLM-4.6V: Open Source Multimodal Models with Native Tool Use,https://z.ai/blog/glm-4.6v,no,,dumps/chrome-exit1.json
skip_now,interactive/claude,https://claude.ai/login?from=logout,Claude,https://claude.ai/login,no,,dumps/chrome-exit2.json
skip_now,walled/firebase-console,https://console.firebase.google.com/u/0/project/loreblendr-ai/crashlytics/app/ios:ai.loreblendr/issues/6e37d526224f332a1cdd60b882f6db47?time=30d&types=crash&sessionEventKey=659a31d34edd4962944c823ca05ac9df_2175774047850734630,"loreblendr-ai - AG::Graph::attribute_modify(AG::data::ptr<AG::Node>, AGSwiftMetadata const*, AG::ClosureFunctionPV<void, void*>, bool) - Firebase console",https://console.firebase.google.com/u/0/project/loreblendr-ai/crashlytics/app/ios:ai.loreblendr/issues/6e37d526224f332a1cdd60b882f6db47,no,,dumps/chrome-exit1.json
skip_now,walled/firebase-console,https://console.firebase.google.com/u/0/project/loreblendr-ai/crashlytics/app/ios:ai.loreblendr/issues?time=30d&state=open&types=crash&tag=all&sort=eventCount,loreblendr-ai - Crashlytics - Dashboard - Firebase console,https://console.firebase.google.com/u/0/project/loreblendr-ai/crashlytics/app/ios:ai.loreblendr/issues,no,,dumps/chrome-exit6.json
skip_now,walled/discord,https://discord.com/channels/744663583023038537/744663583023038540,Discord | #general | EnginesOfCreation,https://discord.com/channels/744663583023038537/744663583023038540,no,,dumps/chrome-exit2.json
skip_now,walled/google-docs,https://docs.google.com/document/d/1FX7lL1t7h5FdwDRbHfYwp90po6zRbJmHP3pYVDGN6hM/edit?tab=t.0#heading=h.lhsef5h5ozmy,!Inbox - Google Docs,https://docs.google.com/document/d/1FX7lL1t7h5FdwDRbHfYwp90po6zRbJmHP3pYVDGN6hM/edit,no,,dumps/chrome-exit2.json
skip_now,interactive/gemini,https://gemini.google.com/app/07de2de784085fe4,Google Gemini,https://gemini.google.com/app/07de2de784085fe4,no,,dumps/chrome-exit6.json
skip_now,interactive/gemini,https://gemini.google.com/app/15147d579c4263bd,Google Gemini,https://gemini.google.com/app/15147d579c4263bd,no,,dumps/chrome-exit3.json
skip_now,interactive/gemini,https://gemini.google.com/app/1d2d64b3415b2cc8,Google Gemini,https://gemini.google.com/app/1d2d64b3415b2cc8,no,,dumps/chrome-exit2.json
skip_now,interactive/gemini,https://gemini.google.com/app/465c23e0ae7c115f,Google Gemini,https://gemini.google.com/app/465c23e0ae7c115f,no,,dumps/chrome-exit6.json
skip_now,interactive/gemini,https://gemini.google.com/app/5cb2abd014a212ff,Google Gemini,https://gemini.google.com/app/5cb2abd014a212ff,no,,dumps/chrome-exit3.json
skip_now,interactive/gemini,https://gemini.google.com/app/5db56dd32960dc32,Google Gemini,https://gemini.google.com/app/5db56dd32960dc32,no,,dumps/chrome-exit1.json
skip_now,interactive/gemini,https://gemini.google.com/app/8bbe2dfa22e83bad,Google Gemini,https://gemini.google.com/app/8bbe2dfa22e83bad,no,,dumps/chrome-exit1.json
skip_now,interactive/gemini,https://gemini.google.com/app/9ecc1694610ba7a3,Google Gemini,https://gemini.google.com/app/9ecc1694610ba7a3,no,,dumps/chrome-exit2.json
skip_now,interactive/gemini,https://gemini.google.com/app/a80868a2ab74fd2e,Google Gemini,https://gemini.google.com/app/a80868a2ab74fd2e,no,,dumps/chrome-exit6.json
skip_now,interactive/gemini,https://gemini.google.com/app/af35cbb605da13ac,Google Gemini,https://gemini.google.com/app/af35cbb605da13ac,no,,dumps/chrome-exit2.json
skip_now,interactive/gemini,https://gemini.google.com/app/b9dff0523fb9f4fc,Google Gemini,https://gemini.google.com/app/b9dff0523fb9f4fc,no,,dumps/chrome-exit2.json
skip_now,interactive/gemini,https://gemini.google.com/app/ba6ce2381f1d21ef,Google Gemini,https://gemini.google.com/app/ba6ce2381f1d21ef,no,,dumps/chrome-exit6.json
skip_now,interactive/gemini,https://gemini.google.com/app/cc22b92d65ff564f,Google Gemini,https://gemini.google.com/app/cc22b92d65ff564f,no,,dumps/chrome-exit6.json
skip_now,interactive/gemini,https://gemini.google.com/app/daa211e5409fbdea,Google Gemini,https://gemini.google.com/app/daa211e5409fbdea,no,,dumps/chrome-exit2.json
skip_now,interactive/gemini,https://gemini.google.com/app/f350159036059bf1,Google Gemini,https://gemini.google.com/app/f350159036059bf1,no,,dumps/chrome-exit2.json
skip_now,interactive/gemini,https://gemini.google.com/app/ffeb932602e3b53f,Google Gemini,https://gemini.google.com/app/ffeb932602e3b53f,no,,dumps/chrome-exit6.json
skip_now,walled/gmail,https://mail.google.com/mail/u/0/#inbox,"Inbox (5,683) - robbintt@gmail.com - Gmail",https://mail.google.com/mail/u/0,no,,dumps/chrome-exit3.json
skip_now,walled/notebooklm,https://notebooklm.google.com/notebook/a248ebc0-7b2a-4c8f-9edd-e363f2b17f7d,2025 LLM Research. Focus: Agentic & Test-Time Scaling - NotebookLM,https://notebooklm.google.com/notebook/a248ebc0-7b2a-4c8f-9edd-e363f2b17f7d,no,,dumps/chrome-exit3.json
skip_now,search/google,https://www.google.com/search?q=glm+4.6+image+upload&sca_esv=2e0ce5bd22b7d86a&ei=HTZhaaOKLMWq0PEPh5zQSA&ved=0ahUKEwjjjPyf-f6RAxVFFTQIHQcOFAkQ4dUDCBE&uact=5&oq=glm+4.6+image+upload&gs_lp=Egxnd3Mtd2l6LXNlcnAiFGdsbSA0LjYgaW1hZ2UgdXBsb2FkMgUQIRigATIFECEYoAEyBRAhGKABMgUQIRirAkiOF1CvB1iWFnABeAGQAQCYAWagAfEKqgEEMTcuMbgBA8gBAPgBAZgCE6ACtQvCAgoQABiwAxjWBBhHwgIFEAAYgATCAgYQABgWGB7CAgUQABjvBcICCBAAGIAEGKIEwgILEAAYgAQYhgMYigXCAgoQABiABBhDGIoFwgIHEAAYgAQYCsICBRAhGJ8FmAMAiAYBkAYIkgcEMTguMaAHiHCyBwQxNy4xuAezC8IHBjAuMTAuOcgHLYAIAA&sclient=gws-wiz-serp,glm 4.6 image upload - Google Search,https://www.google.com/search,no,,dumps/chrome-exit1.json
skip_now,media-link/reddit,https://www.reddit.com/media?url=https%3A%2F%2Fpreview.redd.it%2Frrcfbcfva49g1.png%3Fwidth%3D679%26format%3Dpng%26auto%3Dwebp%26s%3De3a13f1f95f238e55334e5f89b8106cd9d76a3af,Reddit - https://preview.redd.it/rrcfbcfva49g1.png?width=679&format=png&auto=webp&s=e3a13f1f95f238e55334e5f89b8106cd9d76a3af,https://www.reddit.com/media,no,,dumps/chrome-exit1.json
skip_now,video/youtube,https://www.youtube.com/@ThePrimeTimeagen/videos,The PrimeTime - YouTube,https://www.youtube.com/@ThePrimeTimeagen/videos,no,,dumps/chrome-exit3.json
skip_now,video/youtube,https://www.youtube.com/@howiaipodcast/videos,How I AI - YouTube,https://www.youtube.com/@howiaipodcast/videos,no,,dumps/chrome-exit3.json
skip_now,video/youtube,https://www.youtube.com/@jeffreyemanuel6375,Jeffrey Emanuel - YouTube,https://www.youtube.com/@jeffreyemanuel6375,no,,dumps/chrome-exit3.json
skip_now,video/youtube,https://www.youtube.com/watch?v=S-4hwfyK-XQ&list=RDS-4hwfyK-XQ&start_radio=1,winter lofi mix [3 hours]❄️ relaxing music to chill/study to - YouTube,https://www.youtube.com/watch,yes,skipped: Matches skip pattern: ^https?://(www\.)?youtube\.com,dumps/chrome-exit2.json
skip_now,social/x-twitter,https://x.com/GergelyOrosz/status/2010683228961509839,"(1) Gergely Orosz on X: """"I don't like pull requests (PRs) any more. A large chunk code change doesn't tell me much about the intent or why it was done. I now prefer prompt requests. Just share the prompt you ran / want to run. If I think it's good, I'll run it myself and merge it."" - @steipete wow"" / X",https://x.com/GergelyOrosz/status/2010683228961509839,no,,dumps/chrome-exit2.json
skip_now,social/x-twitter,https://x.com/alliekmiller/status/2000671547380404606,X,https://x.com/alliekmiller/status/2000671547380404606,no,,dumps/chrome-exit6.json
skip_now,social/x-twitter,https://x.com/jasonzhou1993/status/2020086991740891526?s=46,"(2) Jason Zhou on X: ""How to install and use Claude Code Agent Teams (Reverse-engineered)"" / X",https://x.com/jasonzhou1993/status/2020086991740891526,no,,dumps/chrome-exit3.json
skip_now,social/x-twitter,https://x.com/mitchellh/status/2019983876152590742,x.com/mitchellh/status/2019983876152590742,https://x.com/mitchellh/status/2019983876152590742,no,,dumps/chrome-exit3.json
skip_now,social/x-twitter,https://x.com/oorusr/status/2008898696075710705,"max on X: ""@steipete I know you've been vocal about using pi BUT HOLY SHIT This thing is a beast. I chained in my cerebras key so that claude can use it to do ultra fast search and tool calling with glm-4.7 and WTFFF Everything felt sluggish with the other harnesses but this is truly"" / X",https://x.com/oorusr/status/2008898696075710705,no,,dumps/chrome-exit2.json
